sku,model,specificationSource,specificationCheckedAt,technicalRows,supplierStock,purchaseCost,carrierPrice,launchReady
AHU000108,Smarty 2X P 1.1,https://www.sorke.cz/vetraci-a-rekuperacni-jednotky/rekuperacni-jednotky-pro-byty-a-domy/smarty-x-p/smarty-2x-p-1-1,2026-10-01,17,not_confirmed,not_confirmed,not_confirmed,False
AHU000109,Smarty 2X P 1.2,https://select.salda.lt/Product/Index/2173,2026-10-01,73,not_confirmed,not_confirmed,not_confirmed,False
AHU000110,Smarty 2X V 1.1,https://select.salda.lt/Product/Index/2137,2026-10-01,70,not_confirmed,not_confirmed,not_confirmed,False
AHU003782,Smarty 2X V 1.1 E,https://select.salda.lt/Product/Index/36885,2026-10-01,42,not_confirmed,not_confirmed,not_confirmed,False
AHU000111,Smarty 2X V 1.2,https://select.salda.lt/Product/Index/2138,2026-10-01,69,not_confirmed,not_confirmed,not_confirmed,False
AHU003783,Smarty 2X V 1.2 E,https://www.sorke.cz/vetraci-a-rekuperacni-jednotky/rekuperacni-jednotky-pro-byty-a-domy/smarty-x-v/smarty-2x-v-1-2-e,2026-10-01,17,not_confirmed,not_confirmed,not_confirmed,False
AHU005093,Smarty 3X P 1.1,https://select.salda.lt/Product/Index/38695,2026-10-01,73,not_confirmed,not_confirmed,not_confirmed,False
AHU005097,Smarty 3X P 1.1 E,https://select.salda.lt/Product/Index/38699,2026-10-01,45,not_confirmed,not_confirmed,not_confirmed,False
AHU005094,Smarty 3X P 1.2,https://select.salda.lt/Product/Index/38696,2026-10-01,73,not_confirmed,not_confirmed,not_confirmed,False
AHU005098,Smarty 3X P 1.2 E,https://select.salda.lt/Product/Index/38700,2026-10-01,45,not_confirmed,not_confirmed,not_confirmed,False
AHU005095,Smarty 3X V 1.1,https://www.sorke.cz/vetraci-a-rekuperacni-jednotky/rekuperacni-jednotky-pro-byty-a-domy/smarty-x-v/smarty-3x-v-1-1,2026-10-01,18,not_confirmed,not_confirmed,not_confirmed,False
AHU005099,Smarty 3X V 1.1 E,https://select.salda.lt/Product/Index/38701,2026-10-01,41,not_confirmed,not_confirmed,not_confirmed,False
FIT001142, SKG-R 100,https://select.salda.lt/Product/Index/31274,2026-10-01,9,not_confirmed,not_confirmed,not_confirmed,False
FIT001147, SKG-R 125,https://select.salda.lt/Product/Index/31275,2026-10-01,9,not_confirmed,not_confirmed,not_confirmed,False
FIT001148, SKG-R 150,https://select.salda.lt/Product/Index/31276,2026-10-01,9,not_confirmed,not_confirmed,not_confirmed,False
FIT001149, SKG-R 160,https://select.salda.lt/Product/Index/31277,2026-10-01,9,not_confirmed,not_confirmed,not_confirmed,False
FIT001150, SKG-R 180,https://select.salda.lt/Product/Index/31278,2026-10-01,9,not_confirmed,not_confirmed,not_confirmed,False
FIT001151, SKG-R 200,https://select.salda.lt/Product/Index/31279,2026-10-01,9,not_confirmed,not_confirmed,not_confirmed,False
FIT001152, SKG-R 250,https://select.salda.lt/Product/Index/31280,2026-10-01,9,not_confirmed,not_confirmed,not_confirmed,False
FIT001153, SKG-R 315,https://select.salda.lt/Product/Index/31281,2026-10-01,9,not_confirmed,not_confirmed,not_confirmed,False
FIT001154, SKG-R 355,https://select.salda.lt/Product/Index/31282,2026-10-01,9,not_confirmed,not_confirmed,not_confirmed,False
FIT001155, SKG-R 400,https://select.salda.lt/Product/Index/31283,2026-10-01,9,not_confirmed,not_confirmed,not_confirmed,False
ACC005257,$ Filter set RIRS 350 P EKO 3.0 (ePM10-50+ePM1-70-2pcs.),https://select.salda.lt/Product/Index/6897,2026-10-01,3,not_confirmed,not_confirmed,not_confirmed,False
ACC002500,Filter FMK 500 ePM1-75-7p,https://select.salda.lt/Product/Index/420,2026-10-01,2,not_confirmed,not_confirmed,not_confirmed,False
ACC007247,Filter module T0,https://select.salda.lt/Product/Index/35269,2026-10-01,7,not_confirmed,not_confirmed,not_confirmed,False
ACC007248,Filter module T1,https://select.salda.lt/Product/Index/35270,2026-10-01,7,not_confirmed,not_confirmed,not_confirmed,False
ACC007249,Filter module T2,https://select.salda.lt/Product/Index/35271,2026-10-01,7,not_confirmed,not_confirmed,not_confirmed,False
ACC007250,Filter module T3,https://select.salda.lt/Product/Index/35272,2026-10-01,7,not_confirmed,not_confirmed,not_confirmed,False
ACC004750,$ MCB cable 100 m ST-SA-Control,https://select.salda.lt/Product/Index/30758,2026-10-01,5,not_confirmed,not_confirmed,not_confirmed,False
ACC004464,$ Smoke detector UG-3-A4O,https://select.salda.lt/Product/Index/2202,2026-10-01,6,not_confirmed,not_confirmed,not_confirmed,False
ACC007158,&Roof Compact S-CX-1000-H-CO,https://select.salda.lt/Product/Index/34628,2026-10-01,8,not_confirmed,not_confirmed,not_confirmed,False
ACC000132,@ SSP 920x920x900-4x100,https://select.salda.lt/Product/Index/882,2026-10-01,11,not_confirmed,not_confirmed,not_confirmed,False
