sku,model,source
AHU001717,Smarty 4X V F2 1.1,https://select.salda.lt/Search?term=Smarty+4X+V+F2+1.1
AHU001718,Smarty 4X V F2 1.2,https://select.salda.lt/Search?term=Smarty+4X+V+F2+1.2
AHU005018,RIRS 350 PE EKO 3.0,https://select.salda.lt/Search?term=RIRS+350+PE+EKO+3.0
AHU005311,RIRS 350 PW EKO 3.0,https://select.salda.lt/Search?term=RIRS+350+PW+EKO+3.0
AHU003654,RIRS 400 HEL EKO 3.0,https://select.salda.lt/Search?term=RIRS+400+HEL+EKO+3.0
AHU003656,RIRS 400 HER EKO 3.0,https://select.salda.lt/Search?term=RIRS+400+HER+EKO+3.0
AHU003658,RIRS 400 HWL EKO 3.0,https://select.salda.lt/Search?term=RIRS+400+HWL+EKO+3.0
AHU003660,RIRS 400 HWR EKO 3.0,https://select.salda.lt/Search?term=RIRS+400+HWR+EKO+3.0
AHU003662,RIRS 400 VEL EKO 3.0,https://select.salda.lt/Search?term=RIRS+400+VEL+EKO+3.0
AHU003664,RIRS 400 VER EKO 3.0,https://select.salda.lt/Search?term=RIRS+400+VER+EKO+3.0
AHU003666,RIRS 400 VWL EKO 3.0,https://select.salda.lt/Search?term=RIRS+400+VWL+EKO+3.0
AHU003668,RIRS 400 VWR EKO 3.0,https://select.salda.lt/Search?term=RIRS+400+VWR+EKO+3.0
AHU000124,RIRS 700 HEL EKO 3.0,https://select.salda.lt/Search?term=RIRS+700+HEL+EKO+3.0
AHU001361,RIRS 700 HER EKO 3.0,https://select.salda.lt/Search?term=RIRS+700+HER+EKO+3.0
AHU001362,RIRS 700 HWR EKO 3.0,https://select.salda.lt/Search?term=RIRS+700+HWR+EKO+3.0
AHU000125,RIRS 700 HWL EKO 3.0,https://select.salda.lt/Search?term=RIRS+700+HWL+EKO+3.0
AHU003670,RIS 400 PE 0.9 EKO 3.0,https://select.salda.lt/Search?term=RIS+400+PE+0.9+EKO+3.0
AHU003672,RIS 400 PE 1.6 EKO 3.0,https://select.salda.lt/Search?term=RIS+400+PE+1.6+EKO+3.0
AHU003674,RIS 400 PE 3.0 EKO 3.0,https://select.salda.lt/Search?term=RIS+400+PE+3.0+EKO+3.0
AHU003676,RIS 400 PW EKO 3.0,https://select.salda.lt/Search?term=RIS+400+PW+EKO+3.0
AHU000099,RIS 700 HER EKO 3.0,https://select.salda.lt/Search?term=RIS+700+HER+EKO+3.0
AHU001359,RIS 700 HEL EKO 3.0,https://select.salda.lt/Search?term=RIS+700+HEL+EKO+3.0
AHU001360,RIS 700 HWL EKO 3.0,https://select.salda.lt/Search?term=RIS+700+HWL+EKO+3.0
AHU000100,RIS 700 HWR EKO 3.0,https://select.salda.lt/Search?term=RIS+700+HWR+EKO+3.0
AHU000591,RIS 700 PWR EKO 3.0 PS,https://select.salda.lt/Search?term=RIS+700+PWR+EKO+3.0+PS
AHU001079,RIS 700 PWL EKO 3.0,https://select.salda.lt/Search?term=RIS+700+PWL+EKO+3.0
AHU000104,RIS 700 VEL EKO 3.0,https://select.salda.lt/Search?term=RIS+700+VEL+EKO+3.0
AHU000105,RIS 700 VER EKO 3.0,https://select.salda.lt/Search?term=RIS+700+VER+EKO+3.0
AHU000106,RIS 700 VWL EKO 3.0,https://select.salda.lt/Search?term=RIS+700+VWL+EKO+3.0
AHU000107,RIS 700 VWR EKO 3.0,https://select.salda.lt/Search?term=RIS+700+VWR+EKO+3.0
AHU000981,AmberAir Compact RIRS 1200 HER EKO 3.0 RHX,https://select.salda.lt/Search?term=AmberAir+Compact+RIRS+1200+HER+EKO+3.0+RHX
AHU001356,AmberAir Compact RIRS 1200 HEL EKO 3.0 RHX,https://select.salda.lt/Search?term=AmberAir+Compact+RIRS+1200+HEL+EKO+3.0+RHX
AHU001355,AmberAir Compact RIRS 1200 HWL EKO 3.0 RHX,https://select.salda.lt/Search?term=AmberAir+Compact+RIRS+1200+HWL+EKO+3.0+RHX
AHU000982,AmberAir Compact RIRS 1200 HWR EKO 3.0 RHX,https://select.salda.lt/Search?term=AmberAir+Compact+RIRS+1200+HWR+EKO+3.0+RHX
AHU000984,AmberAir Compact RIRS 1200 VEL EKO 3.0 RHX,https://select.salda.lt/Search?term=AmberAir+Compact+RIRS+1200+VEL+EKO+3.0+RHX
AHU000983,AmberAir Compact RIRS 1200 VER EKO 3.0 RHX,https://select.salda.lt/Search?term=AmberAir+Compact+RIRS+1200+VER+EKO+3.0+RHX
AHU000985,AmberAir Compact RIRS 1200 VWL EKO 3.0 RHX,https://select.salda.lt/Search?term=AmberAir+Compact+RIRS+1200+VWL+EKO+3.0+RHX
AHU000673,AmberAir Compact RIRS 1200 VWL EKO 3.0 RHX S-1141,https://select.salda.lt/Search?term=AmberAir+Compact+RIRS+1200+VWL+EKO+3.0+RHX+S-1141
AHU000986,AmberAir Compact RIRS 1200 VWR EKO 3.0 RHX,https://select.salda.lt/Search?term=AmberAir+Compact+RIRS+1200+VWR+EKO+3.0+RHX
AHU000987,AmberAir Compact RIRS 1900 HER EKO 3.0 RHX,https://select.salda.lt/Search?term=AmberAir+Compact+RIRS+1900+HER+EKO+3.0+RHX
AHU001354,AmberAir Compact RIRS 1900 HEL EKO 3.0 RHX,https://select.salda.lt/Search?term=AmberAir+Compact+RIRS+1900+HEL+EKO+3.0+RHX
AHU001353,AmberAir Compact RIRS 1900 HWL EKO 3.0 RHX,https://select.salda.lt/Search?term=AmberAir+Compact+RIRS+1900+HWL+EKO+3.0+RHX
AHU000988,AmberAir Compact RIRS 1900 HWR EKO 3.0 RHX,https://select.salda.lt/Search?term=AmberAir+Compact+RIRS+1900+HWR+EKO+3.0+RHX
AHU000989,AmberAir Compact RIRS 1900 VER EKO 3.0 RHX,https://select.salda.lt/Search?term=AmberAir+Compact+RIRS+1900+VER+EKO+3.0+RHX
AHU000992,AmberAir Compact RIRS 1900 VWL EKO 3.0 RHX,https://select.salda.lt/Search?term=AmberAir+Compact+RIRS+1900+VWL+EKO+3.0+RHX
AHU000991,AmberAir Compact RIRS 1900 VWR EKO 3.0 RHX,https://select.salda.lt/Search?term=AmberAir+Compact+RIRS+1900+VWR+EKO+3.0+RHX
AHU000993,AmberAir Compact RIRS 2500 HER EKO 3.0 RHX,https://select.salda.lt/Search?term=AmberAir+Compact+RIRS+2500+HER+EKO+3.0+RHX
AHU001352,AmberAir Compact RIRS 2500 HEL EKO 3.0 RHX,https://select.salda.lt/Search?term=AmberAir+Compact+RIRS+2500+HEL+EKO+3.0+RHX
AHU000994,AmberAir Compact RIRS 2500 HWR EKO 3.0 RHX,https://select.salda.lt/Search?term=AmberAir+Compact+RIRS+2500+HWR+EKO+3.0+RHX
AHU001350,AmberAir Compact RIRS 2500 VEL EKO 3.0 RHX,https://select.salda.lt/Search?term=AmberAir+Compact+RIRS+2500+VEL+EKO+3.0+RHX
AHU000995,AmberAir Compact RIRS 2500 VER EKO 3.0 RHX,https://select.salda.lt/Search?term=AmberAir+Compact+RIRS+2500+VER+EKO+3.0+RHX
AHU001349,AmberAir Compact RIRS 2500 VWL EKO 3.0 RHX,https://select.salda.lt/Search?term=AmberAir+Compact+RIRS+2500+VWL+EKO+3.0+RHX
AHU000996,AmberAir Compact RIRS 2500 VWR EKO 3.0 RHX,https://select.salda.lt/Search?term=AmberAir+Compact+RIRS+2500+VWR+EKO+3.0+RHX
AHU000997,AmberAir Compact RIRS 3500 HER EKO 3.0 RHX,https://select.salda.lt/Search?term=AmberAir+Compact+RIRS+3500+HER+EKO+3.0+RHX
AHU001348,AmberAir Compact RIRS 3500 HEL EKO 3.0 RHX,https://select.salda.lt/Search?term=AmberAir+Compact+RIRS+3500+HEL+EKO+3.0+RHX
AHU001290,AmberAir Compact RIRS 3500 HER EKO 3.0 RHX on 3 pallets,https://select.salda.lt/Search?term=AmberAir+Compact+RIRS+3500+HER+EKO+3.0+RHX+on+3+pallets
AHU001365,AmberAir Compact RIRS 3500 HEL EKO 3.0 RHX 3 pallets,https://select.salda.lt/Search?term=AmberAir+Compact+RIRS+3500+HEL+EKO+3.0+RHX+3+pallets
AHU001347,AmberAir Compact RIRS 3500 HWL EKO 3.0 RHX,https://select.salda.lt/Search?term=AmberAir+Compact+RIRS+3500+HWL+EKO+3.0+RHX
AHU000998,AmberAir Compact RIRS 3500 HWR EKO 3.0 RHX,https://select.salda.lt/Search?term=AmberAir+Compact+RIRS+3500+HWR+EKO+3.0+RHX
AHU001007,AmberAir Compact RIRS 3500 HWL EKO 3.0 RHX 3 pallets,https://select.salda.lt/Search?term=AmberAir+Compact+RIRS+3500+HWL+EKO+3.0+RHX+3+pallets
AHU000999,AmberAir Compact RIRS 3500 VER EKO 3.0 RHX,https://select.salda.lt/Search?term=AmberAir+Compact+RIRS+3500+VER+EKO+3.0+RHX
AHU003587,AmberAir Compact RIRS 3500 VEL EKO 3.0 RHX,https://select.salda.lt/Search?term=AmberAir+Compact+RIRS+3500+VEL+EKO+3.0+RHX
AHU001331,AmberAir Compact RIRS 3500 VWL EKO 3.0 RHX,https://select.salda.lt/Search?term=AmberAir+Compact+RIRS+3500+VWL+EKO+3.0+RHX
AHU003584,AmberAir Compact RIRS 3500 VWR EKO 3.0 RHX,https://select.salda.lt/Search?term=AmberAir+Compact+RIRS+3500+VWR+EKO+3.0+RHX
AHU001343,AmberAir Compact RIRS 5500 HEL EKO 3.0 RHX,https://select.salda.lt/Search?term=AmberAir+Compact+RIRS+5500+HEL+EKO+3.0+RHX
AHU001001,AmberAir Compact RIRS 5500 HER EKO 3.0 RHX,https://select.salda.lt/Search?term=AmberAir+Compact+RIRS+5500+HER+EKO+3.0+RHX
AHU001342,AmberAir Compact RIRS 5500 HWL EKO 3.0 RHX,https://select.salda.lt/Search?term=AmberAir+Compact+RIRS+5500+HWL+EKO+3.0+RHX
AHU001002,AmberAir Compact RIRS 5500 HWR EKO 3.0 RHX,https://select.salda.lt/Search?term=AmberAir+Compact+RIRS+5500+HWR+EKO+3.0+RHX
AHU001003,AmberAir Compact RIRS 5500 VER EKO 3.0 RHX,https://select.salda.lt/Search?term=AmberAir+Compact+RIRS+5500+VER+EKO+3.0+RHX
AHU001341,AmberAir Compact RIRS 5500 VEL EKO 3.0 RHX,https://select.salda.lt/Search?term=AmberAir+Compact+RIRS+5500+VEL+EKO+3.0+RHX
AHU001340,AmberAir Compact RIRS 5500 VWL EKO 3.0 RHX,https://select.salda.lt/Search?term=AmberAir+Compact+RIRS+5500+VWL+EKO+3.0+RHX
AHU001004,AmberAir Compact RIRS 5500 VWR EKO 3.0 RHX,https://select.salda.lt/Search?term=AmberAir+Compact+RIRS+5500+VWR+EKO+3.0+RHX
AHU001339,AmberAir Compact RIS 1200 HEL EKO 3.0,https://select.salda.lt/Search?term=AmberAir+Compact+RIS+1200+HEL+EKO+3.0
AHU000062,AmberAir Compact RIS 1200 HER EKO 3.0,https://select.salda.lt/Search?term=AmberAir+Compact+RIS+1200+HER+EKO+3.0
AHU000675,AmberAir Compact RIS 1200 HER EKO 3.0 S-1141,https://select.salda.lt/Search?term=AmberAir+Compact+RIS+1200+HER+EKO+3.0+S-1141
AHU001338,AmberAir Compact RIS 1200 HWL EKO 3.0,https://select.salda.lt/Search?term=AmberAir+Compact+RIS+1200+HWL+EKO+3.0
AHU000063,AmberAir Compact RIS 1200 HWR EKO 3.0,https://select.salda.lt/Search?term=AmberAir+Compact+RIS+1200+HWR+EKO+3.0
AHU000604,AmberAir Compact RIS 1200 HW EKO 3.0 S-1141,https://select.salda.lt/Search?term=AmberAir+Compact+RIS+1200+HW+EKO+3.0+S-1141
AHU000053,AmberAir Compact RIS 1200 PE 3.0 EKO 3.0,https://select.salda.lt/Search?term=AmberAir+Compact+RIS+1200+PE+3.0+EKO+3.0
AHU000054,AmberAir Compact RIS 1200 PE 6.0 EKO 3.0,https://select.salda.lt/Search?term=AmberAir+Compact+RIS+1200+PE+6.0+EKO+3.0
AHU000843,AmberAir Compact RIS 1200 PE 9.0 EKO 3.0,https://select.salda.lt/Search?term=AmberAir+Compact+RIS+1200+PE+9.0+EKO+3.0
AHU000055,AmberAir Compact RIS 1200 PW EKO 3.0,https://select.salda.lt/Search?term=AmberAir+Compact+RIS+1200+PW+EKO+3.0
AHU000064,AmberAir Compact RIS 1200 VER EKO 3.0,https://select.salda.lt/Search?term=AmberAir+Compact+RIS+1200+VER+EKO+3.0
AHU001664,AmberAir Compact RIS 1200 VER EKO 3.0 S-1141,https://select.salda.lt/Search?term=AmberAir+Compact+RIS+1200+VER+EKO+3.0+S-1141
AHU000637,AmberAir Compact RIS 1200 VWL EKO 3.0,https://select.salda.lt/Search?term=AmberAir+Compact+RIS+1200+VWL+EKO+3.0
AHU000065,AmberAir Compact RIS 1200 VWR EKO 3.0,https://select.salda.lt/Search?term=AmberAir+Compact+RIS+1200+VWR+EKO+3.0
AHU000066,AmberAir Compact RIS 1900 HER EKO 3.0,https://select.salda.lt/Search?term=AmberAir+Compact+RIS+1900+HER+EKO+3.0
AHU001337,AmberAir Compact RIS 1900 HEL EKO 3.0,https://select.salda.lt/Search?term=AmberAir+Compact+RIS+1900+HEL+EKO+3.0
AHU001336,AmberAir Compact RIS 1900 HWL EKO 3.0,https://select.salda.lt/Search?term=AmberAir+Compact+RIS+1900+HWL+EKO+3.0
AHU000067,AmberAir Compact RIS 1900 HWR EKO 3.0,https://select.salda.lt/Search?term=AmberAir+Compact+RIS+1900+HWR+EKO+3.0
AHU000844,AmberAir Compact RIS 1900 PE 12.0 EKO 3.0,https://select.salda.lt/Search?term=AmberAir+Compact+RIS+1900+PE+12.0+EKO+3.0
AHU000056,AmberAir Compact RIS 1900 PE 3.0 EKO 3.0,https://select.salda.lt/Search?term=AmberAir+Compact+RIS+1900+PE+3.0+EKO+3.0
AHU000057,AmberAir Compact RIS 1900 PE 6.0 EKO 3.0,https://select.salda.lt/Search?term=AmberAir+Compact+RIS+1900+PE+6.0+EKO+3.0
AHU000758,AmberAir Compact RIS 1900 VEL EKO 3.0,https://select.salda.lt/Search?term=AmberAir+Compact+RIS+1900+VEL+EKO+3.0
AHU000594,AmberAir Compact RIS 1900 VWL EKO 3.0,https://select.salda.lt/Search?term=AmberAir+Compact+RIS+1900+VWL+EKO+3.0
AHU000069,AmberAir Compact RIS 1900 VWR EKO 3.0,https://select.salda.lt/Search?term=AmberAir+Compact+RIS+1900+VWR+EKO+3.0
AHU000070,AmberAir Compact RIS 2200 HER EKO 3.0,https://select.salda.lt/Search?term=AmberAir+Compact+RIS+2200+HER+EKO+3.0
AHU001335,AmberAir Compact RIS 2200 HEL EKO 3.0,https://select.salda.lt/Search?term=AmberAir+Compact+RIS+2200+HEL+EKO+3.0
AHU001334,AmberAir Compact RIS 2200 HWL EKO 3.0,https://select.salda.lt/Search?term=AmberAir+Compact+RIS+2200+HWL+EKO+3.0
AHU000071,AmberAir Compact RIS 2200 HWR EKO 3.0,https://select.salda.lt/Search?term=AmberAir+Compact+RIS+2200+HWR+EKO+3.0
AHU000737,AmberAir Compact RIS 2200 VEL EKO 3.0,https://select.salda.lt/Search?term=AmberAir+Compact+RIS+2200+VEL+EKO+3.0
AHU000072,AmberAir Compact RIS 2200 VER EKO 3.0,https://select.salda.lt/Search?term=AmberAir+Compact+RIS+2200+VER+EKO+3.0
AHU000602,AmberAir Compact RIS 2200 VER EKO 3.0 S-1141,https://select.salda.lt/Search?term=AmberAir+Compact+RIS+2200+VER+EKO+3.0+S-1141
AHU000674,AmberAir Compact RIS 2200 VWL EKO 3.0,https://select.salda.lt/Search?term=AmberAir+Compact+RIS+2200+VWL+EKO+3.0
AHU000073,AmberAir Compact RIS 2200 VWR EKO 3.0,https://select.salda.lt/Search?term=AmberAir+Compact+RIS+2200+VWR+EKO+3.0
AHU000074,AmberAir Compact RIS 2500 HER EKO 3.0,https://select.salda.lt/Search?term=AmberAir+Compact+RIS+2500+HER+EKO+3.0
AHU001297,AmberAir Compact RIS 2500 HEL EKO 3.0,https://select.salda.lt/Search?term=AmberAir+Compact+RIS+2500+HEL+EKO+3.0
AHU001301,AmberAir Compact RIS 2500 HWL EKO 3.0,https://select.salda.lt/Search?term=AmberAir+Compact+RIS+2500+HWL+EKO+3.0
AHU000075,AmberAir Compact RIS 2500 HWR EKO 3.0,https://select.salda.lt/Search?term=AmberAir+Compact+RIS+2500+HWR+EKO+3.0
AHU000845,AmberAir Compact RIS 2500 PE 18.0 EKO 3.0,https://select.salda.lt/Search?term=AmberAir+Compact+RIS+2500+PE+18.0+EKO+3.0
AHU000059,AmberAir Compact RIS 2500 PE 4.5 EKO 3.0,https://select.salda.lt/Search?term=AmberAir+Compact+RIS+2500+PE+4.5+EKO+3.0
AHU000060,AmberAir Compact RIS 2500 PE 9.0 EKO 3.0,https://select.salda.lt/Search?term=AmberAir+Compact+RIS+2500+PE+9.0+EKO+3.0
AHU000061,AmberAir Compact RIS 2500 PW EKO 3.0,https://select.salda.lt/Search?term=AmberAir+Compact+RIS+2500+PW+EKO+3.0
AHU000765,AmberAir Compact RIS 3500 HEL EKO 3.0,https://select.salda.lt/Search?term=AmberAir+Compact+RIS+3500+HEL+EKO+3.0
AHU001333,AmberAir Compact RIS 3500 HER EKO 3.0,https://select.salda.lt/Search?term=AmberAir+Compact+RIS+3500+HER+EKO+3.0
AHU000631,AmberAir Compact RIS 3500 HWL EKO 3.0,https://select.salda.lt/Search?term=AmberAir+Compact+RIS+3500+HWL+EKO+3.0
AHU000710,AmberAir Compact VEKA 350 EC,https://select.salda.lt/Search?term=AmberAir+Compact+VEKA+350+EC
AHU003612,"AmberAir Compact VEKA INT 400-1,2 L1 EKO SW2","https://select.salda.lt/Search?term=AmberAir+Compact+VEKA+INT+400-1,2+L1+EKO+SW2"
AHU003614,"AmberAir Compact VEKA INT 400-2,0 L1 EKO SW2","https://select.salda.lt/Search?term=AmberAir+Compact+VEKA+INT+400-2,0+L1+EKO+SW2"
AHU003616,"AmberAir Compact VEKA INT 400-5,0 L1 EKO SW2","https://select.salda.lt/Search?term=AmberAir+Compact+VEKA+INT+400-5,0+L1+EKO+SW2"
AHU004025,AmberAir Compact S-R-3000-H-R-C1,https://select.salda.lt/Search?term=AmberAir+Compact+S-R-3000-H-R-C1
AHU004089,AmberAir Compact S-R-3000-H-L-C1,https://select.salda.lt/Search?term=AmberAir+Compact+S-R-3000-H-L-C1
AHU004057,AmberAir Compact S-RS-3000-H-R-C1,https://select.salda.lt/Search?term=AmberAir+Compact+S-RS-3000-H-R-C1
AHU004023,AmberAir Compact S-R-3000-H-CO-R-C1,https://select.salda.lt/Search?term=AmberAir+Compact+S-R-3000-H-CO-R-C1
AHU004087,AmberAir Compact S-R-3000-H-CO-L-C1,https://select.salda.lt/Search?term=AmberAir+Compact+S-R-3000-H-CO-L-C1
AHU004055,AmberAir Compact S-RS-3000-H-CO-R-C1,https://select.salda.lt/Search?term=AmberAir+Compact+S-RS-3000-H-CO-R-C1
AHU004119,AmberAir Compact S-RS-3000-H-CO-L-C1,https://select.salda.lt/Search?term=AmberAir+Compact+S-RS-3000-H-CO-L-C1
AHU004024,AmberAir Compact S-R-3000-H-DX-R-C1,https://select.salda.lt/Search?term=AmberAir+Compact+S-R-3000-H-DX-R-C1
AHU004088,AmberAir Compact S-R-3000-H-DX-L-C1,https://select.salda.lt/Search?term=AmberAir+Compact+S-R-3000-H-DX-L-C1
AHU004022,AmberAir Compact S-R-3000-H-E-R-C1,https://select.salda.lt/Search?term=AmberAir+Compact+S-R-3000-H-E-R-C1
AHU004086,AmberAir Compact S-R-3000-H-E-L-C1,https://select.salda.lt/Search?term=AmberAir+Compact+S-R-3000-H-E-L-C1
AHU004281,AmberAir Compact S-R-3000-H-R-C1 AlZn,https://select.salda.lt/Search?term=AmberAir+Compact+S-R-3000-H-R-C1+AlZn
AHU004345,AmberAir Compact S-R-3000-H-L-C1 AlZn,https://select.salda.lt/Search?term=AmberAir+Compact+S-R-3000-H-L-C1+AlZn
AHU004279,AmberAir Compact S-R-3000-H-CO-R-C1 AlZn,https://select.salda.lt/Search?term=AmberAir+Compact+S-R-3000-H-CO-R-C1+AlZn
AHU004343,AmberAir Compact S-R-3000-H-CO-L-C1 AlZn,https://select.salda.lt/Search?term=AmberAir+Compact+S-R-3000-H-CO-L-C1+AlZn
AHU004311,AmberAir Compact S-RS-3000-H-CO-R-C1 AlZn,https://select.salda.lt/Search?term=AmberAir+Compact+S-RS-3000-H-CO-R-C1+AlZn
AHU004375,AmberAir Compact S-RS-3000-H-CO-L-C1 AlZn,https://select.salda.lt/Search?term=AmberAir+Compact+S-RS-3000-H-CO-L-C1+AlZn
AHU004280,AmberAir Compact S-R-3000-H-DX-R-C1 AlZn,https://select.salda.lt/Search?term=AmberAir+Compact+S-R-3000-H-DX-R-C1+AlZn
AHU004344,AmberAir Compact S-R-3000-H-DX-L-C1 AlZn,https://select.salda.lt/Search?term=AmberAir+Compact+S-R-3000-H-DX-L-C1+AlZn
AHU004312,AmberAir Compact S-RS-3000-H-DX-R-C1 AlZn,https://select.salda.lt/Search?term=AmberAir+Compact+S-RS-3000-H-DX-R-C1+AlZn
AHU004278,AmberAir Compact S-R-3000-H-E-R-C1 AlZn,https://select.salda.lt/Search?term=AmberAir+Compact+S-R-3000-H-E-R-C1+AlZn
AHU004342,AmberAir Compact S-R-3000-H-E-L-C1 AlZn,https://select.salda.lt/Search?term=AmberAir+Compact+S-R-3000-H-E-L-C1+AlZn
AHU004310,AmberAir Compact S-RS-3000-H-E-R-C1 AlZn,https://select.salda.lt/Search?term=AmberAir+Compact+S-RS-3000-H-E-R-C1+AlZn
AHU004026,AmberAir Compact S-R-4000-H-E-R-C1,https://select.salda.lt/Search?term=AmberAir+Compact+S-R-4000-H-E-R-C1
AHU004583,AmberAir Compact S-R-3000-V-CO-L-C1,https://select.salda.lt/Search?term=AmberAir+Compact+S-R-3000-V-CO-L-C1
AHU004679,AmberAir Compact S-R-3000-V-CO-L-C1 AlZn,https://select.salda.lt/Search?term=AmberAir+Compact+S-R-3000-V-CO-L-C1+AlZn
AHU004607,AmberAir Compact S-RS-3000-V-CO-L-C1,https://select.salda.lt/Search?term=AmberAir+Compact+S-RS-3000-V-CO-L-C1
AHU004535,AmberAir Compact S-R-3000-V-CO-R-C1,https://select.salda.lt/Search?term=AmberAir+Compact+S-R-3000-V-CO-R-C1
AHU004631,AmberAir Compact S-R-3000-V-CO-R-C1 AlZn,https://select.salda.lt/Search?term=AmberAir+Compact+S-R-3000-V-CO-R-C1+AlZn
AHU004559,AmberAir Compact S-RS-3000-V-CO-R-C1,https://select.salda.lt/Search?term=AmberAir+Compact+S-RS-3000-V-CO-R-C1
AHU004536,AmberAir Compact S-R-3000-V-DX-R-C1,https://select.salda.lt/Search?term=AmberAir+Compact+S-R-3000-V-DX-R-C1
AHU004582,AmberAir Compact S-R-3000-V-E-L-C1,https://select.salda.lt/Search?term=AmberAir+Compact+S-R-3000-V-E-L-C1
AHU004678,AmberAir Compact S-R-3000-V-E-L-C1 AlZn,https://select.salda.lt/Search?term=AmberAir+Compact+S-R-3000-V-E-L-C1+AlZn
AHU004702,AmberAir Compact S-RS-3000-V-E-L-C1 AlZn,https://select.salda.lt/Search?term=AmberAir+Compact+S-RS-3000-V-E-L-C1+AlZn
AHU004534,AmberAir Compact S-R-3000-V-E-R-C1,https://select.salda.lt/Search?term=AmberAir+Compact+S-R-3000-V-E-R-C1
AHU004630,AmberAir Compact S-R-3000-V-E-R-C1 AlZn,https://select.salda.lt/Search?term=AmberAir+Compact+S-R-3000-V-E-R-C1+AlZn
AHU004654,AmberAir Compact S-RS-3000-V-E-R-C1 AlZn,https://select.salda.lt/Search?term=AmberAir+Compact+S-RS-3000-V-E-R-C1+AlZn
AHU004585,AmberAir Compact S-R-3000-V-L-C1,https://select.salda.lt/Search?term=AmberAir+Compact+S-R-3000-V-L-C1
AHU004681,AmberAir Compact S-R-3000-V-L-C1 AlZn,https://select.salda.lt/Search?term=AmberAir+Compact+S-R-3000-V-L-C1+AlZn
AHU004537,AmberAir Compact S-R-3000-V-R-C1,https://select.salda.lt/Search?term=AmberAir+Compact+S-R-3000-V-R-C1
AHU004633,AmberAir Compact S-R-3000-V-R-C1 AlZn,https://select.salda.lt/Search?term=AmberAir+Compact+S-R-3000-V-R-C1+AlZn
AHU004539,AmberAir Compact S-R-4000-V-CO-R-C1,https://select.salda.lt/Search?term=AmberAir+Compact+S-R-4000-V-CO-R-C1
AHU004586,AmberAir Compact S-R-4000-V-E-L-C1,https://select.salda.lt/Search?term=AmberAir+Compact+S-R-4000-V-E-L-C1
AHU004682,AmberAir Compact S-R-4000-V-E-L-C1 AlZn,https://select.salda.lt/Search?term=AmberAir+Compact+S-R-4000-V-E-L-C1+AlZn
AHU004610,AmberAir Compact S-RS-4000-V-E-L-C1,https://select.salda.lt/Search?term=AmberAir+Compact+S-RS-4000-V-E-L-C1
AHU004538,AmberAir Compact S-R-4000-V-E-R-C1,https://select.salda.lt/Search?term=AmberAir+Compact+S-R-4000-V-E-R-C1
AHU004634,AmberAir Compact S-R-4000-V-E-R-C1 AlZn,https://select.salda.lt/Search?term=AmberAir+Compact+S-R-4000-V-E-R-C1+AlZn
AHU003522,AmberAir Compact 4-CXP-E1-L-I50,https://select.salda.lt/Search?term=AmberAir+Compact+4-CXP-E1-L-I50
AHU003523,AmberAir Compact 4-CXP-E2-L-I50,https://select.salda.lt/Search?term=AmberAir+Compact+4-CXP-E2-L-I50
AHU005394,AmberAir Compact 4-CXPE-E1-L-I50,https://select.salda.lt/Search?term=AmberAir+Compact+4-CXPE-E1-L-I50
AHU005395,AmberAir Compact 4-CXPE-E2-L-I50,https://select.salda.lt/Search?term=AmberAir+Compact+4-CXPE-E2-L-I50
AHU003524,AmberAir Compact 4-CXP-W1-L-I50,https://select.salda.lt/Search?term=AmberAir+Compact+4-CXP-W1-L-I50
AHU003525,AmberAir Compact 4-CXP-W2-L-I50,https://select.salda.lt/Search?term=AmberAir+Compact+4-CXP-W2-L-I50
AHU003526,AmberAir Compact 4-CXP-W3-L-I50,https://select.salda.lt/Search?term=AmberAir+Compact+4-CXP-W3-L-I50
AHU005396,AmberAir Compact 4-CXPE-W1-L-I50,https://select.salda.lt/Search?term=AmberAir+Compact+4-CXPE-W1-L-I50
AHU005397,AmberAir Compact 4-CXPE-W2-L-I50,https://select.salda.lt/Search?term=AmberAir+Compact+4-CXPE-W2-L-I50
AHU005398,AmberAir Compact 4-CXPE-W3-L-I50,https://select.salda.lt/Search?term=AmberAir+Compact+4-CXPE-W3-L-I50
AHU003531,AmberAir Compact 4-CXP-E1-R-I50,https://select.salda.lt/Search?term=AmberAir+Compact+4-CXP-E1-R-I50
AHU003532,AmberAir Compact 4-CXP-E2-R-I50,https://select.salda.lt/Search?term=AmberAir+Compact+4-CXP-E2-R-I50
AHU005405,AmberAir Compact 4-CXPE-E1-R-I50,https://select.salda.lt/Search?term=AmberAir+Compact+4-CXPE-E1-R-I50
AHU005406,AmberAir Compact 4-CXPE-E2-R-I50,https://select.salda.lt/Search?term=AmberAir+Compact+4-CXPE-E2-R-I50
AHU003535,AmberAir Compact 4-CXP-W3-R-I50,https://select.salda.lt/Search?term=AmberAir+Compact+4-CXP-W3-R-I50
AHU005407,AmberAir Compact 4-CXPE-W1-R-I50,https://select.salda.lt/Search?term=AmberAir+Compact+4-CXPE-W1-R-I50
AHU005408,AmberAir Compact 4-CXPE-W2-R-I50,https://select.salda.lt/Search?term=AmberAir+Compact+4-CXPE-W2-R-I50
AHU005409,AmberAir Compact 4-CXPE-W3-R-I50,https://select.salda.lt/Search?term=AmberAir+Compact+4-CXPE-W3-R-I50
AHU005400,AmberAir Compact 4-CXPE-E1-L-I30,https://select.salda.lt/Search?term=AmberAir+Compact+4-CXPE-E1-L-I30
AHU005401,AmberAir Compact 4-CXPE-E2-L-I30,https://select.salda.lt/Search?term=AmberAir+Compact+4-CXPE-E2-L-I30
AHU005402,AmberAir Compact 4-CXPE-W1-L-I30,https://select.salda.lt/Search?term=AmberAir+Compact+4-CXPE-W1-L-I30
AHU005403,AmberAir Compact 4-CXPE-W2-L-I30,https://select.salda.lt/Search?term=AmberAir+Compact+4-CXPE-W2-L-I30
AHU003536,AmberAir Compact 4-CXP-E1-R-I30,https://select.salda.lt/Search?term=AmberAir+Compact+4-CXP-E1-R-I30
AHU005411,AmberAir Compact 4-CXPE-E1-R-I30,https://select.salda.lt/Search?term=AmberAir+Compact+4-CXPE-E1-R-I30
AHU005412,AmberAir Compact 4-CXPE-E2-R-I30,https://select.salda.lt/Search?term=AmberAir+Compact+4-CXPE-E2-R-I30
AHU005413,AmberAir Compact 4-CXPE-W1-R-I30,https://select.salda.lt/Search?term=AmberAir+Compact+4-CXPE-W1-R-I30
AHU005414,AmberAir Compact 4-CXPE-W2-R-I30,https://select.salda.lt/Search?term=AmberAir+Compact+4-CXPE-W2-R-I30
AHU005302,AmberAir Compact 4-CXP-L-I50,https://select.salda.lt/Search?term=AmberAir+Compact+4-CXP-L-I50
FAN000001,AKU 125 D,https://select.salda.lt/Search?term=AKU+125+D
FAN000002,AKU 125 M,https://select.salda.lt/Search?term=AKU+125+M
FAN000003,AKU 160 D,https://select.salda.lt/Search?term=AKU+160+D
FAN000019,AKU 160 EKO,https://select.salda.lt/Search?term=AKU+160+EKO
FAN000004,AKU 160 M,https://select.salda.lt/Search?term=AKU+160+M
FAN000385,AKU 200 D,https://select.salda.lt/Search?term=AKU+200+D
FAN000560,AKU 200 M,https://select.salda.lt/Search?term=AKU+200+M
FAN000387,AKU 250 M,https://select.salda.lt/Search?term=AKU+250+M
FAN000388,AKU 250 S,https://select.salda.lt/Search?term=AKU+250+S
FAN000595,AKU 315 D,https://select.salda.lt/Search?term=AKU+315+D
FAN000341,AKU 315 M,https://select.salda.lt/Search?term=AKU+315+M
FAN000561,AKU 400 D,https://select.salda.lt/Search?term=AKU+400+D
FAN000391,AKU 400 S,https://select.salda.lt/Search?term=AKU+400+S
FAN000566,KF-T120-180-4 L3,https://select.salda.lt/Search?term=KF-T120-180-4+L3
FAN000567,KF-T120-315-4 L3,https://select.salda.lt/Search?term=KF-T120-315-4+L3
FAN001188,VKA 125 EKO,https://select.salda.lt/Search?term=VKA+125+EKO
FAN000102,VKA 160 EKO,https://select.salda.lt/Search?term=VKA+160+EKO
FAN000393,VKS 400-200-4 L1,https://select.salda.lt/Search?term=VKS+400-200-4+L1
FAN000394,VKS 500-250-4 L1,https://select.salda.lt/Search?term=VKS+500-250-4+L1
FAN000571,VKS 500-300-4 L3,https://select.salda.lt/Search?term=VKS+500-300-4+L3
FAN000572,VKS 600-300-4 L1,https://select.salda.lt/Search?term=VKS+600-300-4+L1
FAN000041,VKS 600-300-4 L3,https://select.salda.lt/Search?term=VKS+600-300-4+L3
FAN000573,VKS 600-350-4 L1,https://select.salda.lt/Search?term=VKS+600-350-4+L1
FAN000042,VKS 600-350-4 L3,https://select.salda.lt/Search?term=VKS+600-350-4+L3
FAN000043,VKS 700-400-4 L3,https://select.salda.lt/Search?term=VKS+700-400-4+L3
FAN000397,VKSA 400-200-4 L1,https://select.salda.lt/Search?term=VKSA+400-200-4+L1
FAN000348,VKSA 500-250-4 L1,https://select.salda.lt/Search?term=VKSA+500-250-4+L1
FAN000395,VKSA 500-300-4 L3,https://select.salda.lt/Search?term=VKSA+500-300-4+L3
FAN000868,VKSA 500-300-6 L1,https://select.salda.lt/Search?term=VKSA+500-300-6+L1
FAN000396,VKSA 600-300-4 L1,https://select.salda.lt/Search?term=VKSA+600-300-4+L1
FAN000577,VKSA 600-300-4 L3,https://select.salda.lt/Search?term=VKSA+600-300-4+L3
FAN000578,VKSA 600-350-4 L1,https://select.salda.lt/Search?term=VKSA+600-350-4+L1
FAN000336,VKSA 600-350-4 L3,https://select.salda.lt/Search?term=VKSA+600-350-4+L3
FAN000403,VKSA 700-400-4 L3,https://select.salda.lt/Search?term=VKSA+700-400-4+L3
FAN000062,VSA 190 EKO,https://select.salda.lt/Search?term=VSA+190+EKO
FAN000051,VSV 311-4 L1,https://select.salda.lt/Search?term=VSV+311-4+L1
FAN000054,VSV 355-4 L3,https://select.salda.lt/Search?term=VSV+355-4+L3
FAN000055,VSV 400-4 L1,https://select.salda.lt/Search?term=VSV+400-4+L1
FAN000057,VSV 450-4 L1,https://select.salda.lt/Search?term=VSV+450-4+L1
FAN000058,VSV 450-4 L3,https://select.salda.lt/Search?term=VSV+450-4+L3
FAN000059,VSV 500-4 L3,https://select.salda.lt/Search?term=VSV+500-4+L3
FAN000060,VSV 560-4 L3,https://select.salda.lt/Search?term=VSV+560-4+L3
FAN000626,VSVI 311-4 L1,https://select.salda.lt/Search?term=VSVI+311-4+L1
FAN000664,VSVI 311-4 L1 AL,https://select.salda.lt/Search?term=VSVI+311-4+L1+AL
FAN000665,VSVI 311-4 L3 AL,https://select.salda.lt/Search?term=VSVI+311-4+L3+AL
FAN000629,VSVI 355-4 L3,https://select.salda.lt/Search?term=VSVI+355-4+L3
FAN000667,VSVI 355-4 L3 AL,https://select.salda.lt/Search?term=VSVI+355-4+L3+AL
FAN000630,VSVI 400-4 L1,https://select.salda.lt/Search?term=VSVI+400-4+L1
FAN000615,VSVI 400-4L1 AL,https://select.salda.lt/Search?term=VSVI+400-4L1+AL
FAN000633,VSVI 450-4 L3,https://select.salda.lt/Search?term=VSVI+450-4+L3
FAN000671,VSVI 450-4 L3 AL,https://select.salda.lt/Search?term=VSVI+450-4+L3+AL
FAN000635,VSVI 560-4 L3,https://select.salda.lt/Search?term=VSVI+560-4+L3
FAN000673,VSVI 560-4 L3 AL,https://select.salda.lt/Search?term=VSVI+560-4+L3+AL
ACC007628,Packed Enthalpy heat exchanger for Smarty 2X P,https://select.salda.lt/Search?term=Packed+Enthalpy+heat+exchanger+for+Smarty+2X+P
ACC007630,Packed Enthalpy heat exchanger for Smarty 2X V,https://select.salda.lt/Search?term=Packed+Enthalpy+heat+exchanger+for+Smarty+2X+V
ACC007629,Packed Enthalpy heat exchanger for Smarty 3X P/4X P,https://select.salda.lt/Search?term=Packed+Enthalpy+heat+exchanger+for+Smarty+3X+P/4X+P
ACC007631,Packed Enthalpy heat exchanger for Smarty 3X V/4X V,https://select.salda.lt/Search?term=Packed+Enthalpy+heat+exchanger+for+Smarty+3X+V/4X+V
ACC000757,Stouch no logo,https://select.salda.lt/Search?term=Stouch+no+logo
ACC005695,"ACS380-042S-06A9-1 PN:0,75kW, IN:4,8A","https://select.salda.lt/Search?term=ACS380-042S-06A9-1+PN:0,75kW,+IN:4,8A"
ACC005693,"ACS380-042S-07A8-1 PN:1,5kW, IN:7,8A","https://select.salda.lt/Search?term=ACS380-042S-07A8-1+PN:1,5kW,+IN:7,8A"
ACC004427,"ACS380-042S-09A4-4 Pn: 4kW, In: 9,4A IP20","https://select.salda.lt/Search?term=ACS380-042S-09A4-4+Pn:+4kW,+In:+9,4A+IP20"
ACC000307,CM24-F-L,https://select.salda.lt/Search?term=CM24-F-L
ACC002485,CM24-SR-L,https://select.salda.lt/Search?term=CM24-SR-L
ACC005509,,https://select.salda.lt/Search?term=
ACC002460,FMK 400x224x360-6 ePM1-55-DSG,https://select.salda.lt/Search?term=FMK+400x224x360-6+ePM1-55-DSG
ACC007521,,https://select.salda.lt/Search?term=
ACC005537,,https://select.salda.lt/Search?term=
ACC004045,Filter MPL 217x193x25 ePM1-70,https://select.salda.lt/Search?term=Filter+MPL+217x193x25+ePM1-70
ACC006650,,https://select.salda.lt/Search?term=
ACC005672,,https://select.salda.lt/Search?term=
ACC002399,Filter MPL Z 435x175x25-Coarse 65 (G4) with stripe,https://select.salda.lt/Search?term=Filter+MPL+Z+435x175x25-Coarse+65+(G4)+with+stripe
ACC004083,Filter MPL M 750x496x46-Coarse 65,https://select.salda.lt/Search?term=Filter+MPL+M+750x496x46-Coarse+65
ACC004095,Filter MPL M 1000x279x46-ePM10-55 with stripe,https://select.salda.lt/Search?term=Filter+MPL+M+1000x279x46-ePM10-55+with+stripe
ACC004096,Filter MPL M 1000x279x46-ePM1-70 with stripe,https://select.salda.lt/Search?term=Filter+MPL+M+1000x279x46-ePM1-70+with+stripe
ACC004070,Filter MPL M 1113x379x46-ePM10-55 with stripe,https://select.salda.lt/Search?term=Filter+MPL+M+1113x379x46-ePM10-55+with+stripe
ACC004069,Filter MPL M 1113x379x46-ePM1-70 with stripe,https://select.salda.lt/Search?term=Filter+MPL+M+1113x379x46-ePM1-70+with+stripe
ACC004091,Filter MPL M 557x495x46-ePM10-55,https://select.salda.lt/Search?term=Filter+MPL+M+557x495x46-ePM10-55
ACC004090,Filter MPL M 557x495x46-ePM1-70,https://select.salda.lt/Search?term=Filter+MPL+M+557x495x46-ePM1-70
ACC004106,Filter MPL M 558x564x46-ePM10-55,https://select.salda.lt/Search?term=Filter+MPL+M+558x564x46-ePM10-55
ACC004107,Filter MPL M 558x564x46-ePM1-70,https://select.salda.lt/Search?term=Filter+MPL+M+558x564x46-ePM1-70
ACC004077,Filter MPL M 565x373x46-ePM10-55,https://select.salda.lt/Search?term=Filter+MPL+M+565x373x46-ePM10-55
ACC004078,Filter MPL M 565x373x46-ePM1-70,https://select.salda.lt/Search?term=Filter+MPL+M+565x373x46-ePM1-70
ACC004073,Filter MPL M 565x395x46-ePM10-55,https://select.salda.lt/Search?term=Filter+MPL+M+565x395x46-ePM10-55
ACC004074,Filter MPL M 565x395x46-ePM1-70,https://select.salda.lt/Search?term=Filter+MPL+M+565x395x46-ePM1-70
ACC004086,Filter MPL M 565x927x90-ePM1-70,https://select.salda.lt/Search?term=Filter+MPL+M+565x927x90-ePM1-70
ACC004111,Filter MPL M 592x490x46 ePM10-55,https://select.salda.lt/Search?term=Filter+MPL+M+592x490x46+ePM10-55
ACC004112,Filter MPL M 592x490x46 ePM1-70,https://select.salda.lt/Search?term=Filter+MPL+M+592x490x46+ePM1-70
ACC004109,Filter MPL M 635x497x46-ePM10-55,https://select.salda.lt/Search?term=Filter+MPL+M+635x497x46-ePM10-55
ACC004108,Filter MPL M 635x497x46-ePM1-70,https://select.salda.lt/Search?term=Filter+MPL+M+635x497x46-ePM1-70
ACC004100,Filter MPL M 635x619x46-ePM1-70,https://select.salda.lt/Search?term=Filter+MPL+M+635x619x46-ePM1-70
ACC004101,Filter MPL M 635x619x90-ePM10-55,https://select.salda.lt/Search?term=Filter+MPL+M+635x619x90-ePM10-55
ACC004099,Filter MPL M 635x619x90-ePM1-70,https://select.salda.lt/Search?term=Filter+MPL+M+635x619x90-ePM1-70
ACC004084,Filter MPL M 747x365x46-ePM10-55,https://select.salda.lt/Search?term=Filter+MPL+M+747x365x46-ePM10-55
ACC004085,Filter MPL M 747x365x46-ePM1-70,https://select.salda.lt/Search?term=Filter+MPL+M+747x365x46-ePM1-70
ACC004082,Filter MPL M 750x496x46-ePM10-55,https://select.salda.lt/Search?term=Filter+MPL+M+750x496x46-ePM10-55
ACC004081,Filter MPL M 750x496x46-ePM1-70,https://select.salda.lt/Search?term=Filter+MPL+M+750x496x46-ePM1-70
ACC004075,Filter MPL M 894x279x46-ePM10-55 with stripe,https://select.salda.lt/Search?term=Filter+MPL+M+894x279x46-ePM10-55+with+stripe
ACC004098,Filter MPL M 1113x379x46-Coarse 65 with stripe,https://select.salda.lt/Search?term=Filter+MPL+M+1113x379x46-Coarse+65+with+stripe
ACC004080,Filter MPL M 565x395x46-Coarse 65,https://select.salda.lt/Search?term=Filter+MPL+M+565x395x46-Coarse+65
ACC004110,Filter MPL M 635x497x46-Coarse 65,https://select.salda.lt/Search?term=Filter+MPL+M+635x497x46-Coarse+65
ACC004092,Filter MPL M 642x256x90-Coarse 65 with stripe,https://select.salda.lt/Search?term=Filter+MPL+M+642x256x90-Coarse+65+with+stripe
ACC004097,Filter MPL M 747x365x46-Coarse 65,https://select.salda.lt/Search?term=Filter+MPL+M+747x365x46-Coarse+65
ACC004089,Filter MPL M 894x279x46-Coarse 65 with stripe,https://select.salda.lt/Search?term=Filter+MPL+M+894x279x46-Coarse+65+with+stripe
ACC002462,Filter FMK 218x228x214/3 ePM10-65-SE,https://select.salda.lt/Search?term=Filter+FMK+218x228x214/3+ePM10-65-SE
ACC000571,Filter FMK 250x152x160-3 Coarse-75-SL,https://select.salda.lt/Search?term=Filter+FMK+250x152x160-3+Coarse-75-SL
ACC000573,Filter FMK 250x152x300-3 ePM10-65-SE,https://select.salda.lt/Search?term=Filter+FMK+250x152x300-3+ePM10-65-SE
ACC000572,Filter FMK 250x152x300-3 ePM1-55-DSG,https://select.salda.lt/Search?term=Filter+FMK+250x152x300-3+ePM1-55-DSG
ACC000574,Filter FMK 250x226x170-3 Coarse-75-SL,https://select.salda.lt/Search?term=Filter+FMK+250x226x170-3+Coarse-75-SL
ACC000576,Filter FMK 250x226x280-4 ePM10-65-SE,https://select.salda.lt/Search?term=Filter+FMK+250x226x280-4+ePM10-65-SE
ACC000575,Filter FMK 250x226x280-4 ePM1-55-DSG,https://select.salda.lt/Search?term=Filter+FMK+250x226x280-4+ePM1-55-DSG
ACC000577,Filter FMK 270x85x173-1 ePM10-65-SE,https://select.salda.lt/Search?term=Filter+FMK+270x85x173-1+ePM10-65-SE
ACC000578,Filter FMK 288x224x180-3 Coarse-75-SL,https://select.salda.lt/Search?term=Filter+FMK+288x224x180-3+Coarse-75-SL
ACC000580,Filter FMK 288x224x260-4 ePM10-65-SE,https://select.salda.lt/Search?term=Filter+FMK+288x224x260-4+ePM10-65-SE
ACC000579,Filter FMK 288x224x260-4 ePM1-55-DSG,https://select.salda.lt/Search?term=Filter+FMK+288x224x260-4+ePM1-55-DSG
ACC000583,Filter FMK 324x161x230-4 ePM10-65-SE,https://select.salda.lt/Search?term=Filter+FMK+324x161x230-4+ePM10-65-SE
ACC002463,Filter FMK 340x102x203/6 Coarse-75-SL,https://select.salda.lt/Search?term=Filter+FMK+340x102x203/6+Coarse-75-SL
ACC000585,Filter FMK 353x291x250-5 ePM10-65-SE,https://select.salda.lt/Search?term=Filter+FMK+353x291x250-5+ePM10-65-SE
ACC000586,Filter FMK 353x291x300-5 ePM10-65-SE,https://select.salda.lt/Search?term=Filter+FMK+353x291x300-5+ePM10-65-SE
ACC000590,Filter FMK 398x224x150-6 Coarse-75-SL,https://select.salda.lt/Search?term=Filter+FMK+398x224x150-6+Coarse-75-SL
ACC000592,Filter FMK 398x224x280-6 ePM10-65-SE,https://select.salda.lt/Search?term=Filter+FMK+398x224x280-6+ePM10-65-SE
ACC000591,Filter FMK 398x224x280-6 ePM1-55-DSG,https://select.salda.lt/Search?term=Filter+FMK+398x224x280-6+ePM1-55-DSG
ACC004271,Filter FMK 400x224x210/4 Coarse-75-SL,https://select.salda.lt/Search?term=Filter+FMK+400x224x210/4+Coarse-75-SL
ACC004272,Filter FMK 400x224x360/6 ePM10-65-SE,https://select.salda.lt/Search?term=Filter+FMK+400x224x360/6+ePM10-65-SE
ACC000596,Filter FMK 448-225-150-6 ePM10-65-SE,https://select.salda.lt/Search?term=Filter+FMK+448-225-150-6+ePM10-65-SE
ACC005723,Filter pocket 490x287x540-6 ePM10-60,https://select.salda.lt/Search?term=Filter+pocket+490x287x540-6+ePM10-60
ACC005729,Filter pocket 490x287x640-8 ePM2.5-70,https://select.salda.lt/Search?term=Filter+pocket+490x287x640-8+ePM2.5-70
ACC005727,Filter pocket 490x592x540-6 ePM10-60,https://select.salda.lt/Search?term=Filter+pocket+490x592x540-6+ePM10-60
ACC005733,Filter pocket 490x592x640-8 ePM2.5-70,https://select.salda.lt/Search?term=Filter+pocket+490x592x640-8+ePM2.5-70
ACC000597,Filter FMK 503x290x325-5 ePM10-65-SE,https://select.salda.lt/Search?term=Filter+FMK+503x290x325-5+ePM10-65-SE
ACC000599,Filter FMK 538x384x270-7 ePM10-65-SE,https://select.salda.lt/Search?term=Filter+FMK+538x384x270-7+ePM10-65-SE
ACC004015,Filter FMK 570x325x340-7 ePM10-65,https://select.salda.lt/Search?term=Filter+FMK+570x325x340-7+ePM10-65
ACC005736,Filter pocket 592x287x640-10 ePM1-90,https://select.salda.lt/Search?term=Filter+pocket+592x287x640-10+ePM1-90
ACC005726,Filter pocket 592x592x540-8 ePM10-60,https://select.salda.lt/Search?term=Filter+pocket+592x592x540-8+ePM10-60
ACC005738,Filter pocket 592x592x640-10 ePM1-90,https://select.salda.lt/Search?term=Filter+pocket+592x592x640-10+ePM1-90
ACC005732,Filter pocket 592x592x640-10 ePM2.5-70,https://select.salda.lt/Search?term=Filter+pocket+592x592x640-10+ePM2.5-70
ACC004656,Filter FMK 650x318x160/9 F7,https://select.salda.lt/Search?term=Filter+FMK+650x318x160/9+F7
ACC004273,Filter FMK 650x402x200/5 ePM10-65-SE,https://select.salda.lt/Search?term=Filter+FMK+650x402x200/5+ePM10-65-SE
ACC004915,FMK 650x318x160-9 ePM10-65-SE,https://select.salda.lt/Search?term=FMK+650x318x160-9+ePM10-65-SE
ACC005467,Filter FMK 650x402x200-10 ePM1-55,https://select.salda.lt/Search?term=Filter+FMK+650x402x200-10+ePM1-55
ACC004042,Filter FMK 745x200x340-10 ePM10-65,https://select.salda.lt/Search?term=Filter+FMK+745x200x340-10+ePM10-65
ACC002472,Filter FMK 355- ePM1-55-DSG-7p,https://select.salda.lt/Search?term=Filter+FMK+355-+ePM1-55-DSG-7p
ACC001341,Filter FMK 287x592x500/3 ePM1-55-DSG,https://select.salda.lt/Search?term=Filter+FMK+287x592x500/3+ePM1-55-DSG
ACC001206,Filter FMK 287x592x600-4 ePM2.5-90,https://select.salda.lt/Search?term=Filter+FMK+287x592x600-4+ePM2.5-90
ACC002409,Filter FMK 297x235x231-4 ePM10-65-SE,https://select.salda.lt/Search?term=Filter+FMK+297x235x231-4+ePM10-65-SE
ACC007555,Filter FMK 361x318x350-5 F7,https://select.salda.lt/Search?term=Filter+FMK+361x318x350-5+F7
ACC001209,Filter FMK 490x287x600-6 ePM2.5-90,https://select.salda.lt/Search?term=Filter+FMK+490x287x600-6+ePM2.5-90
ACC001208,Filter FMK 490x592x600-6 ePM2.5-90,https://select.salda.lt/Search?term=Filter+FMK+490x592x600-6+ePM2.5-90
ACC001210,Filter FMK 592x287x600-8 ePM2.5-90,https://select.salda.lt/Search?term=Filter+FMK+592x287x600-8+ePM2.5-90
ACC001305,Filter FMK 592x490x350-7 ePM10-65,https://select.salda.lt/Search?term=Filter+FMK+592x490x350-7+ePM10-65
ACC001306,Filter FMK 592x490x350-7 ePM1-55,https://select.salda.lt/Search?term=Filter+FMK+592x490x350-7+ePM1-55
ACC001310,Filter FMK 592x490x570-7 ePM1-85,https://select.salda.lt/Search?term=Filter+FMK+592x490x570-7+ePM1-85
ACC001308,Filter FMK 592x490x570-8 ePM10-65,https://select.salda.lt/Search?term=Filter+FMK+592x490x570-8+ePM10-65
ACC001309,Filter FMK 592x490x570-8 ePM1-55,https://select.salda.lt/Search?term=Filter+FMK+592x490x570-8+ePM1-55
ACC001340,Filter FMK 592x592x500/6 ePM1-55-DSG,https://select.salda.lt/Search?term=Filter+FMK+592x592x500/6+ePM1-55-DSG
ACC001207,Filter FMK 592x592x600-8 ePM2.5-90,https://select.salda.lt/Search?term=Filter+FMK+592x592x600-8+ePM2.5-90
ACC004911,Filter FMK 595x390x280-8 ePM1-55-SE,https://select.salda.lt/Search?term=Filter+FMK+595x390x280-8+ePM1-55-SE
ACC000112,LJ/PG 42-42,https://select.salda.lt/Search?term=LJ/PG+42-42
ACC000113,LJ/PG 59-59,https://select.salda.lt/Search?term=LJ/PG+59-59
ACC000114,LJ/PG 72-72,https://select.salda.lt/Search?term=LJ/PG+72-72
ACC000115,LJ/PG 80-80,https://select.salda.lt/Search?term=LJ/PG+80-80
ACC000116,LJ/PG 92-92,https://select.salda.lt/Search?term=LJ/PG+92-92
ACC004451,RMG3-16-32/80E,https://select.salda.lt/Search?term=RMG3-16-32/80E
ACC002471,SSK 700x400 with actuator 24A,https://select.salda.lt/Search?term=SSK+700x400+with+actuator+24A
ACC002413,SSK 700x400 with actuator 24A(-TP),https://select.salda.lt/Search?term=SSK+700x400+with+actuator+24A(-TP)
ACC004373,Pressure switch PS600B,https://select.salda.lt/Search?term=Pressure+switch+PS600B
ACC000755,Flex no logo,https://select.salda.lt/Search?term=Flex+no+logo
ACC000756,ST-SA-Control no logo,https://select.salda.lt/Search?term=ST-SA-Control+no+logo
ACC005602,Remote control panel TPC for VEKA INT EKO,https://select.salda.lt/Search?term=Remote+control+panel+TPC+for+VEKA+INT+EKO
ACC007602,Remote control panel TPC V2 for SMARTY/RIS EKO 3.0/RIRS EKO 3.0,https://select.salda.lt/Search?term=Remote+control+panel+TPC+V2+for+SMARTY/RIS+EKO+3.0/RIRS+EKO+3.0
ACC004585,RF 1250x550,https://select.salda.lt/Search?term=RF+1250x550
ACC004586,RF 1600x585,https://select.salda.lt/Search?term=RF+1600x585
ACC004581,RF 500x300,https://select.salda.lt/Search?term=RF+500x300
ACC004582,RF 500x350,https://select.salda.lt/Search?term=RF+500x350
ACC004580,RF 600x350,https://select.salda.lt/Search?term=RF+600x350
ACC004583,RF 925x350,https://select.salda.lt/Search?term=RF+925x350
ACC004584,RF 950x400,https://select.salda.lt/Search?term=RF+950x400
ACC000042,Roof RIRS 5500 EKO,https://select.salda.lt/Search?term=Roof+RIRS+5500+EKO
ACC000279,Sensor duct humidity 0...10V DSH-G,https://select.salda.lt/Search?term=Sensor+duct+humidity+0...10V+DSH-G
ACC007369,Sensor room CO2 RXC-G,https://select.salda.lt/Search?term=Sensor+room+CO2+RXC-G
ACC007469,,https://select.salda.lt/Search?term=
ACC002486,DTJ100.1.13,https://select.salda.lt/Search?term=DTJ100.1.13
ACC007324,,https://select.salda.lt/Search?term=
ACC005554,,https://select.salda.lt/Search?term=
ACC004322,TJ1TE-NTC10k3-6x6x22B-2x5.0 m PVC,https://select.salda.lt/Search?term=TJ1TE-NTC10k3-6x6x22B-2x5.0+m+PVC
ACC000127,SSP 590x590x900-3x100,https://select.salda.lt/Search?term=SSP+590x590x900-3x100
ACC005596,,https://select.salda.lt/Search?term=
ACC004422,Thermostat 716F 2172 50C aut.,https://select.salda.lt/Search?term=Thermostat+716F+2172+50C+aut.
ACC000294,TGRV 1.5,https://select.salda.lt/Search?term=TGRV+1.5
ACC004006,TGRV 11,https://select.salda.lt/Search?term=TGRV+11
ACC004007,TGRV 14,https://select.salda.lt/Search?term=TGRV+14
ACC000295,TGRV 2,https://select.salda.lt/Search?term=TGRV+2
ACC000296,TGRV 3,https://select.salda.lt/Search?term=TGRV+3
ACC004008,TGRV 4,https://select.salda.lt/Search?term=TGRV+4
ACC000297,TGRV 5,https://select.salda.lt/Search?term=TGRV+5
ACC004009,TGRV 7,https://select.salda.lt/Search?term=TGRV+7
ACC004449,Thermostat C04C,https://select.salda.lt/Search?term=Thermostat+C04C
ACC005548,,https://select.salda.lt/Search?term=
ACC002403,VK 400 P,https://select.salda.lt/Search?term=VK+400+P
ACC002562,VK 700 P,https://select.salda.lt/Search?term=VK+700+P
ACC000194,AVA 315,https://select.salda.lt/Search?term=AVA+315
ACC000195,AVA 400,https://select.salda.lt/Search?term=AVA+400
ACC000198,AVS 160,https://select.salda.lt/Search?term=AVS+160
ACC000199,AVS 200,https://select.salda.lt/Search?term=AVS+200
ACC000148,AVA-DX 315,https://select.salda.lt/Search?term=AVA-DX+315
ACC000149,AVA-DX 400,https://select.salda.lt/Search?term=AVA-DX+400
ACC000150,AVA-DX 500,https://select.salda.lt/Search?term=AVA-DX+500
ACC003709,AVA-DX 630,https://select.salda.lt/Search?term=AVA-DX+630
ACC003710,AVA-DX 710,https://select.salda.lt/Search?term=AVA-DX+710
ACC004021,EKR 30,https://select.salda.lt/Search?term=EKR+30
ACC005866,"EKA 500-15,0-3f","https://select.salda.lt/Search?term=EKA+500-15,0-3f"
ACC004178,"EKA NIS 355-9,0-3f","https://select.salda.lt/Search?term=EKA+NIS+355-9,0-3f"
ACC003852,"EKA NV 125-0,3-1f PTC/PS","https://select.salda.lt/Search?term=EKA+NV+125-0,3-1f+PTC/PS"
ACC003854,"EKA NV 125-0,6-1f PTC/PS","https://select.salda.lt/Search?term=EKA+NV+125-0,6-1f+PTC/PS"
ACC003863,"EKA NV 160-0,6-1f PTC/PS","https://select.salda.lt/Search?term=EKA+NV+160-0,6-1f+PTC/PS"
ACC003871,"EKA NV 160-2,4-1f PTC/PS","https://select.salda.lt/Search?term=EKA+NV+160-2,4-1f+PTC/PS"
ACC003915,"EKA NV 315-2,4-1f PTC/PS","https://select.salda.lt/Search?term=EKA+NV+315-2,4-1f+PTC/PS"
ACC003930,EKA NV 400-3kw-1f PTC/PS,https://select.salda.lt/Search?term=EKA+NV+400-3kw-1f+PTC/PS
ACC003953,EKS 50x25/36(15+9+12) 3f,https://select.salda.lt/Search?term=EKS+50x25/36(15+9+12)+3f
ACC000205,RFC 500x250 F2,https://select.salda.lt/Search?term=RFC+500x250+F2
ACC000206,RFC 500x250 F4,https://select.salda.lt/Search?term=RFC+500x250+F4
ACC000207,RFC 700x300 F2,https://select.salda.lt/Search?term=RFC+700x300+F2
ACC000208,RFC 700x300 F4,https://select.salda.lt/Search?term=RFC+700x300+F4
ACC000209,RFC 750x300 F2,https://select.salda.lt/Search?term=RFC+750x300+F2
ACC000210,RFC 750x300 F4,https://select.salda.lt/Search?term=RFC+750x300+F4
ACC000211,RFC 750x350 F2,https://select.salda.lt/Search?term=RFC+750x350+F2
ACC000204,RFC 750x350 F4,https://select.salda.lt/Search?term=RFC+750x350+F4
ACC000248,RWC 500x250 C2,https://select.salda.lt/Search?term=RWC+500x250+C2
ACC000250,RWC 700x300 C2,https://select.salda.lt/Search?term=RWC+700x300+C2
ACC000251,RWC 700x300 C4,https://select.salda.lt/Search?term=RWC+700x300+C4
ACC000252,RWC 750x300 C2,https://select.salda.lt/Search?term=RWC+750x300+C2
ACC000253,RWC 750x300 C4,https://select.salda.lt/Search?term=RWC+750x300+C4
ACC000254,RWC 750x350 C2,https://select.salda.lt/Search?term=RWC+750x350+C2
ACC000255,RWC 750x350 C4,https://select.salda.lt/Search?term=RWC+750x350+C4
FIT000741,Bend with sealing BFU 30 125,https://select.salda.lt/Search?term=Bend+with+sealing+BFU+30+125
FIT000322,Bend with sealing BFU 45 100,https://select.salda.lt/Search?term=Bend+with+sealing+BFU+45+100
FIT000323,Bend with sealing BFU 45 125,https://select.salda.lt/Search?term=Bend+with+sealing+BFU+45+125
FIT001000,Bend with sealing BFU 45 710,https://select.salda.lt/Search?term=Bend+with+sealing+BFU+45+710
FIT001001,Bend with sealing BFU 45 800,https://select.salda.lt/Search?term=Bend+with+sealing+BFU+45+800
FIT000324,Bend with sealing BFU 90 100,https://select.salda.lt/Search?term=Bend+with+sealing+BFU+90+100
FIT000325,Bend with sealing BFU 90 125,https://select.salda.lt/Search?term=Bend+with+sealing+BFU+90+125
FIT001006,Bend with sealing BFU 90 800,https://select.salda.lt/Search?term=Bend+with+sealing+BFU+90+800
FIT000740,Bend with sealing BFU 15 125,https://select.salda.lt/Search?term=Bend+with+sealing+BFU+15+125
FIT001305,Bend with sealing BFU 15 160,https://select.salda.lt/Search?term=Bend+with+sealing+BFU+15+160
FIT001306,Bend with sealing BFU 15 250,https://select.salda.lt/Search?term=Bend+with+sealing+BFU+15+250
FIT001307,Bend with sealing BFU 30 250,https://select.salda.lt/Search?term=Bend+with+sealing+BFU+30+250
FIT000011,Bend with sealing BFU 45 160,https://select.salda.lt/Search?term=Bend+with+sealing+BFU+45+160
FIT000012,Bend with sealing BFU 45 200,https://select.salda.lt/Search?term=Bend+with+sealing+BFU+45+200
FIT000013,Bend with sealing BFU 45 250,https://select.salda.lt/Search?term=Bend+with+sealing+BFU+45+250
FIT000014,Bend with sealing BFU 45 315,https://select.salda.lt/Search?term=Bend+with+sealing+BFU+45+315
FIT001407,Bend with sealing BFU 45 355,https://select.salda.lt/Search?term=Bend+with+sealing+BFU+45+355
FIT000366,Bend with sealing BFU 45 400,https://select.salda.lt/Search?term=Bend+with+sealing+BFU+45+400
FIT001408,Bend with sealing BFU 45 450,https://select.salda.lt/Search?term=Bend+with+sealing+BFU+45+450
FIT001409,Bend with sealing BFU 45 500,https://select.salda.lt/Search?term=Bend+with+sealing+BFU+45+500
FIT001410,Bend with sealing BFU 45 560,https://select.salda.lt/Search?term=Bend+with+sealing+BFU+45+560
FIT001412,Bend with sealing BFU 90 150,https://select.salda.lt/Search?term=Bend+with+sealing+BFU+90+150
FIT001411,Bend with sealing BFU 45 630,https://select.salda.lt/Search?term=Bend+with+sealing+BFU+45+630
FIT001413,Bend with sealing BFU 90 180,https://select.salda.lt/Search?term=Bend+with+sealing+BFU+90+180
FIT000016,Bend with sealing BFU 90 160,https://select.salda.lt/Search?term=Bend+with+sealing+BFU+90+160
FIT000018,Bend with sealing BFU 90 200,https://select.salda.lt/Search?term=Bend+with+sealing+BFU+90+200
FIT000019,Bend with sealing BFU 90 250,https://select.salda.lt/Search?term=Bend+with+sealing+BFU+90+250
FIT000020,Bend with sealing BFU 90 315,https://select.salda.lt/Search?term=Bend+with+sealing+BFU+90+315
FIT001414,Bend with sealing BFU 90 355,https://select.salda.lt/Search?term=Bend+with+sealing+BFU+90+355
FIT000021,Bend with sealing BFU 90 400,https://select.salda.lt/Search?term=Bend+with+sealing+BFU+90+400
FIT001415,Bend with sealing BFU 90 450,https://select.salda.lt/Search?term=Bend+with+sealing+BFU+90+450
FIT001416,Bend with sealing BFU 90 500,https://select.salda.lt/Search?term=Bend+with+sealing+BFU+90+500
FIT001417,Bend with sealing BFU 90 560,https://select.salda.lt/Search?term=Bend+with+sealing+BFU+90+560
FIT001418,Bend with sealing BFU 90 630,https://select.salda.lt/Search?term=Bend+with+sealing+BFU+90+630
FIT000001,Bend without sealing BF 45 160,https://select.salda.lt/Search?term=Bend+without+sealing+BF+45+160
FIT000002,Bend without sealing BF 45 200,https://select.salda.lt/Search?term=Bend+without+sealing+BF+45+200
FIT000003,Bend without sealing BF 45 250,https://select.salda.lt/Search?term=Bend+without+sealing+BF+45+250
FIT000004,Bend without sealing BF 45 315,https://select.salda.lt/Search?term=Bend+without+sealing+BF+45+315
FIT000901,Bend without sealing BF 45 355,https://select.salda.lt/Search?term=Bend+without+sealing+BF+45+355
FIT000426,Bend without sealing BF 45 400,https://select.salda.lt/Search?term=Bend+without+sealing+BF+45+400
FIT000005,Bend without sealing BF 90 160,https://select.salda.lt/Search?term=Bend+without+sealing+BF+90+160
FIT000006,Bend without sealing BF 90 200,https://select.salda.lt/Search?term=Bend+without+sealing+BF+90+200
FIT000007,Bend without sealing BF 90 250,https://select.salda.lt/Search?term=Bend+without+sealing+BF+90+250
FIT000008,Bend without sealing BF 90 315,https://select.salda.lt/Search?term=Bend+without+sealing+BF+90+315
FIT000009,Bend without sealing BF 90 355,https://select.salda.lt/Search?term=Bend+without+sealing+BF+90+355
FIT000010,Bend without sealing BF 90 400,https://select.salda.lt/Search?term=Bend+without+sealing+BF+90+400
FIT000067,Clamp sealing AP 400,https://select.salda.lt/Search?term=Clamp+sealing+AP+400
FIT000817,Clamp sealing AP 630,https://select.salda.lt/Search?term=Clamp+sealing+AP+630
FIT000818,Clamp sealing AP 710,https://select.salda.lt/Search?term=Clamp+sealing+AP+710
FIT000819,Clamp sealing AP 800,https://select.salda.lt/Search?term=Clamp+sealing+AP+800
FIT000085,Coupling with sealing NPU 100,https://select.salda.lt/Search?term=Coupling+with+sealing+NPU+100
FIT000367,Coupling with sealing NPU 125,https://select.salda.lt/Search?term=Coupling+with+sealing+NPU+125
FIT001419,Coupling with sealing NPU 150,https://select.salda.lt/Search?term=Coupling+with+sealing+NPU+150
FIT000089,Coupling with sealing NPU 250,https://select.salda.lt/Search?term=Coupling+with+sealing+NPU+250
FIT001420,Coupling with sealing NPU 355,https://select.salda.lt/Search?term=Coupling+with+sealing+NPU+355
FIT000092,Coupling with sealing NPU 400,https://select.salda.lt/Search?term=Coupling+with+sealing+NPU+400
FIT001421,Coupling with sealing NPU 450,https://select.salda.lt/Search?term=Coupling+with+sealing+NPU+450
FIT001422,Coupling with sealing NPU 560,https://select.salda.lt/Search?term=Coupling+with+sealing+NPU+560
FIT001423,Coupling with sealing NPU 630,https://select.salda.lt/Search?term=Coupling+with+sealing+NPU+630
FIT000094,Coupling with sealing NPU 500,https://select.salda.lt/Search?term=Coupling+with+sealing+NPU+500
FIT001011,Coupling with sealing NPU 710,https://select.salda.lt/Search?term=Coupling+with+sealing+NPU+710
FIT000097,Coupling with sealing NPU 800,https://select.salda.lt/Search?term=Coupling+with+sealing+NPU+800
FIT000075,Coupling without sealing NP 125,https://select.salda.lt/Search?term=Coupling+without+sealing+NP+125
FIT000197,Damper circular shut off handle SK 300,https://select.salda.lt/Search?term=Damper+circular+shut+off+handle+SK+300
FIT000202,Damper circular shut off sealed blade SKG-A 150,https://select.salda.lt/Search?term=Damper+circular+shut+off+sealed+blade+SKG-A+150
FIT000441,Damper circular shut off sealed blade SKG-A 450,https://select.salda.lt/Search?term=Damper+circular+shut+off+sealed+blade+SKG-A+450
FIT000823,Damper circular shut off sealed blade SKG-A 630,https://select.salda.lt/Search?term=Damper+circular+shut+off+sealed+blade+SKG-A+630
FIT000943,SKG 710,https://select.salda.lt/Search?term=SKG+710
FIT001426,End cap Internal with sealing ESU 355,https://select.salda.lt/Search?term=End+cap+Internal+with+sealing+ESU+355
FIT001424,End cap Internal with sealing ESU 500,https://select.salda.lt/Search?term=End+cap+Internal+with+sealing+ESU+500
FIT001425,End cap Internal with sealing ESU 630,https://select.salda.lt/Search?term=End+cap+Internal+with+sealing+ESU+630
FIT000805,Flange with flexible connection LSVF 080,https://select.salda.lt/Search?term=Flange+with+flexible+connection+LSVF+080
FIT000806,Flange with flexible connection LSVF 100,https://select.salda.lt/Search?term=Flange+with+flexible+connection+LSVF+100
FIT000808,Flange with flexible connection LSVF 180,https://select.salda.lt/Search?term=Flange+with+flexible+connection+LSVF+180
FIT000809,Flange with flexible connection LSVF 300,https://select.salda.lt/Search?term=Flange+with+flexible+connection+LSVF+300
FIT000811,Flange with flexible connection LSVF 560,https://select.salda.lt/Search?term=Flange+with+flexible+connection+LSVF+560
FIT000492,Flange with flexible connection LSVF 630,https://select.salda.lt/Search?term=Flange+with+flexible+connection+LSVF+630
FIT000812,Flange with flexible connection LSVF 800,https://select.salda.lt/Search?term=Flange+with+flexible+connection+LSVF+800
FIT000962,Outlet cover AB 100,https://select.salda.lt/Search?term=Outlet+cover+AB+100
FIT000963,Outlet cover AB 125,https://select.salda.lt/Search?term=Outlet+cover+AB+125
FIT000964,Outlet cover AB 150,https://select.salda.lt/Search?term=Outlet+cover+AB+150
FIT000965,Outlet cover AB 160,https://select.salda.lt/Search?term=Outlet+cover+AB+160
FIT000966,Outlet cover AB 200,https://select.salda.lt/Search?term=Outlet+cover+AB+200
FIT000967,Outlet cover AB 250,https://select.salda.lt/Search?term=Outlet+cover+AB+250
FIT001102,Outlet cover AB 315,https://select.salda.lt/Search?term=Outlet+cover+AB+315
FIT000968,Outlet cover AB 355,https://select.salda.lt/Search?term=Outlet+cover+AB+355
FIT001101,Outlet cover AB 400,https://select.salda.lt/Search?term=Outlet+cover+AB+400
FIT000969,Outlet cover AB 450,https://select.salda.lt/Search?term=Outlet+cover+AB+450
FIT000970,Outlet cover AB 500,https://select.salda.lt/Search?term=Outlet+cover+AB+500
FIT000971,Outlet cover AB 630,https://select.salda.lt/Search?term=Outlet+cover+AB+630
FIT000972,Outlet cover AB 710,https://select.salda.lt/Search?term=Outlet+cover+AB+710
FIT000973,Outlet cover AB 800,https://select.salda.lt/Search?term=Outlet+cover+AB+800
FIT001380,Reducer concentric with sealing RCLU 150-100,https://select.salda.lt/Search?term=Reducer+concentric+with+sealing+RCLU+150-100
FIT001381,Reducer concentric with sealing RCLU 150-125,https://select.salda.lt/Search?term=Reducer+concentric+with+sealing+RCLU+150-125
FIT001382,Reducer concentric with sealing RCLU 180-160,https://select.salda.lt/Search?term=Reducer+concentric+with+sealing+RCLU+180-160
FIT001291,Reducer concentric with sealing RCLU 200-100,https://select.salda.lt/Search?term=Reducer+concentric+with+sealing+RCLU+200-100
FIT001383,Reducer concentric with sealing RCLU 200-150,https://select.salda.lt/Search?term=Reducer+concentric+with+sealing+RCLU+200-150
FIT001290,Reducer concentric with sealing RCLU 250-100,https://select.salda.lt/Search?term=Reducer+concentric+with+sealing+RCLU+250-100
FIT001384,Reducer concentric with sealing RCLU 250-150,https://select.salda.lt/Search?term=Reducer+concentric+with+sealing+RCLU+250-150
FIT001289,Reducer concentric with sealing RCLU 250-125,https://select.salda.lt/Search?term=Reducer+concentric+with+sealing+RCLU+250-125
FIT001288,Reducer concentric with sealing RCLU 250-160,https://select.salda.lt/Search?term=Reducer+concentric+with+sealing+RCLU+250-160
FIT001292,Reducer concentric with sealing RCLU 315-160,https://select.salda.lt/Search?term=Reducer+concentric+with+sealing+RCLU+315-160
FIT001287,Reducer concentric with sealing RCLU 315-200,https://select.salda.lt/Search?term=Reducer+concentric+with+sealing+RCLU+315-200
FIT001394,Reducer concentric with sealing RCLU 355-160,https://select.salda.lt/Search?term=Reducer+concentric+with+sealing+RCLU+355-160
FIT001385,Reducer concentric with sealing RCLU 355-250,https://select.salda.lt/Search?term=Reducer+concentric+with+sealing+RCLU+355-250
FIT001386,Reducer concentric with sealing RCLU 355-315,https://select.salda.lt/Search?term=Reducer+concentric+with+sealing+RCLU+355-315
FIT001286,Reducer concentric with sealing RCLU 400-160,https://select.salda.lt/Search?term=Reducer+concentric+with+sealing+RCLU+400-160
FIT001285,Reducer concentric with sealing RCLU 400-200,https://select.salda.lt/Search?term=Reducer+concentric+with+sealing+RCLU+400-200
FIT001284,Reducer concentric with sealing RCLU 400-250,https://select.salda.lt/Search?term=Reducer+concentric+with+sealing+RCLU+400-250
FIT001283,Reducer concentric with sealing RCLU 400-315,https://select.salda.lt/Search?term=Reducer+concentric+with+sealing+RCLU+400-315
FIT001387,Reducer concentric with sealing RCLU 400-355,https://select.salda.lt/Search?term=Reducer+concentric+with+sealing+RCLU+400-355
FIT001396,Reducer concentric with sealing RCLU 450-200,https://select.salda.lt/Search?term=Reducer+concentric+with+sealing+RCLU+450-200
FIT001397,Reducer concentric with sealing RCLU 450-250,https://select.salda.lt/Search?term=Reducer+concentric+with+sealing+RCLU+450-250
FIT001388,Reducer concentric with sealing RCLU 450-315,https://select.salda.lt/Search?term=Reducer+concentric+with+sealing+RCLU+450-315
FIT001389,Reducer concentric with sealing RCLU 450-400,https://select.salda.lt/Search?term=Reducer+concentric+with+sealing+RCLU+450-400
FIT001398,Reducer concentric with sealing RCLU 500-200,https://select.salda.lt/Search?term=Reducer+concentric+with+sealing+RCLU+500-200
FIT001392,Reducer concentric with sealing RCLU 500-250,https://select.salda.lt/Search?term=Reducer+concentric+with+sealing+RCLU+500-250
FIT001399,Reducer concentric with sealing RCLU 500-355,https://select.salda.lt/Search?term=Reducer+concentric+with+sealing+RCLU+500-355
FIT001390,Reducer concentric with sealing RCLU 500-315,https://select.salda.lt/Search?term=Reducer+concentric+with+sealing+RCLU+500-315
FIT001391,Reducer concentric with sealing RCLU 500-450,https://select.salda.lt/Search?term=Reducer+concentric+with+sealing+RCLU+500-450
FIT001400,Reducer concentric with sealing RCLU 630-315,https://select.salda.lt/Search?term=Reducer+concentric+with+sealing+RCLU+630-315
FIT001401,Reducer concentric with sealing RCLU 630-355,https://select.salda.lt/Search?term=Reducer+concentric+with+sealing+RCLU+630-355
FIT001402,Reducer concentric with sealing RCLU 630-400,https://select.salda.lt/Search?term=Reducer+concentric+with+sealing+RCLU+630-400
FIT001403,Reducer concentric with sealing RCLU 630-450,https://select.salda.lt/Search?term=Reducer+concentric+with+sealing+RCLU+630-450
FIT001393,Reducer concentric with sealing RCLU 630-500,https://select.salda.lt/Search?term=Reducer+concentric+with+sealing+RCLU+630-500
FIT001404,Reducer concentric with sealing RCLU 630-560,https://select.salda.lt/Search?term=Reducer+concentric+with+sealing+RCLU+630-560
FIT001026,Reducer concentric with sealing RCLU 800-400,https://select.salda.lt/Search?term=Reducer+concentric+with+sealing+RCLU+800-400
FIT001027,Reducer concentric with sealing RCLU 800-450,https://select.salda.lt/Search?term=Reducer+concentric+with+sealing+RCLU+800-450
FIT001028,Reducer concentric with sealing RCLU 800-500,https://select.salda.lt/Search?term=Reducer+concentric+with+sealing+RCLU+800-500
FIT001029,Reducer concentric with sealing RCLU 800-560,https://select.salda.lt/Search?term=Reducer+concentric+with+sealing+RCLU+800-560
FIT001030,Reducer concentric with sealing RCLU 800-630,https://select.salda.lt/Search?term=Reducer+concentric+with+sealing+RCLU+800-630
FIT000897,Reducer concentric without sealing RCL 125-100,https://select.salda.lt/Search?term=Reducer+concentric+without+sealing+RCL+125-100
FIT000132,Reducer concentric without sealing RCL 160-100,https://select.salda.lt/Search?term=Reducer+concentric+without+sealing+RCL+160-100
FIT000448,Reducer concentric without sealing RCL 160-125,https://select.salda.lt/Search?term=Reducer+concentric+without+sealing+RCL+160-125
FIT000951,Reducer concentric without sealing RCL 200-100,https://select.salda.lt/Search?term=Reducer+concentric+without+sealing+RCL+200-100
FIT000939,Reducer concentric without sealing RCL 200-125,https://select.salda.lt/Search?term=Reducer+concentric+without+sealing+RCL+200-125
FIT000450,Reducer concentric without sealing RCL 200-160,https://select.salda.lt/Search?term=Reducer+concentric+without+sealing+RCL+200-160
FIT000133,Reducer concentric without sealing RCL 250-160,https://select.salda.lt/Search?term=Reducer+concentric+without+sealing+RCL+250-160
FIT000134,Reducer concentric without sealing RCL 250-200,https://select.salda.lt/Search?term=Reducer+concentric+without+sealing+RCL+250-200
FIT000135,Reducer concentric without sealing RCL 315-200,https://select.salda.lt/Search?term=Reducer+concentric+without+sealing+RCL+315-200
FIT000136,Reducer concentric without sealing RCL 315-250,https://select.salda.lt/Search?term=Reducer+concentric+without+sealing+RCL+315-250
FIT001311,Reducer concentric without sealing RCL 355-250,https://select.salda.lt/Search?term=Reducer+concentric+without+sealing+RCL+355-250
FIT000896,Reducer concentric without sealing RCL 355-315,https://select.salda.lt/Search?term=Reducer+concentric+without+sealing+RCL+355-315
FIT000451,Reducer concentric without sealing RCL 400-315,https://select.salda.lt/Search?term=Reducer+concentric+without+sealing+RCL+400-315
FIT000914,Reducer concentric without sealing RCL 630-355,https://select.salda.lt/Search?term=Reducer+concentric+without+sealing+RCL+630-355
FIT001429,Reducer tangential with sealing RLU 500-315,https://select.salda.lt/Search?term=Reducer+tangential+with+sealing+RLU+500-315
FIT001428,Reducer tangential with sealing RLU 500-250,https://select.salda.lt/Search?term=Reducer+tangential+with+sealing+RLU+500-250
FIT001430,Reducer tangential with sealing RLU 500-355,https://select.salda.lt/Search?term=Reducer+tangential+with+sealing+RLU+500-355
FIT001427,Reducer tangential with sealing RLU 500-400,https://select.salda.lt/Search?term=Reducer+tangential+with+sealing+RLU+500-400
FIT001431,Reducer tangential with sealing RLU 500-450,https://select.salda.lt/Search?term=Reducer+tangential+with+sealing+RLU+500-450
FIT001432,Reducer tangential with sealing RLU 560-315,https://select.salda.lt/Search?term=Reducer+tangential+with+sealing+RLU+560-315
FIT001433,Reducer tangential with sealing RLU 560-355,https://select.salda.lt/Search?term=Reducer+tangential+with+sealing+RLU+560-355
FIT001434,Reducer tangential with sealing RLU 560-400,https://select.salda.lt/Search?term=Reducer+tangential+with+sealing+RLU+560-400
FIT001435,Reducer tangential with sealing RLU 560-450,https://select.salda.lt/Search?term=Reducer+tangential+with+sealing+RLU+560-450
FIT001436,Reducer tangential with sealing RLU 560-500,https://select.salda.lt/Search?term=Reducer+tangential+with+sealing+RLU+560-500
FIT001437,Reducer tangential with sealing RLU 630-315,https://select.salda.lt/Search?term=Reducer+tangential+with+sealing+RLU+630-315
FIT001438,Reducer tangential with sealing RLU 630-355,https://select.salda.lt/Search?term=Reducer+tangential+with+sealing+RLU+630-355
FIT001439,Reducer tangential with sealing RLU 630-400,https://select.salda.lt/Search?term=Reducer+tangential+with+sealing+RLU+630-400
FIT001440,Reducer tangential with sealing RLU 630-450,https://select.salda.lt/Search?term=Reducer+tangential+with+sealing+RLU+630-450
FIT001441,Reducer tangential with sealing RLU 630-500,https://select.salda.lt/Search?term=Reducer+tangential+with+sealing+RLU+630-500
FIT001442,Reducer tangential with sealing RLU 630-560,https://select.salda.lt/Search?term=Reducer+tangential+with+sealing+RLU+630-560
FIT000374,Saddle with sealing BAU 250-250,https://select.salda.lt/Search?term=Saddle+with+sealing+BAU+250-250
FIT001446,Saddle with sealing BAU 400-355,https://select.salda.lt/Search?term=Saddle+with+sealing+BAU+400-355
FIT001447,Saddle with sealing BAU 500-355,https://select.salda.lt/Search?term=Saddle+with+sealing+BAU+500-355
FIT001443,Saddle with sealing BAU 500-315,https://select.salda.lt/Search?term=Saddle+with+sealing+BAU+500-315
FIT001444,Saddle with sealing BAU 500-400,https://select.salda.lt/Search?term=Saddle+with+sealing+BAU+500-400
FIT001448,Saddle with sealing BAU 500-450,https://select.salda.lt/Search?term=Saddle+with+sealing+BAU+500-450
FIT001445,Saddle with sealing BAU 500-500,https://select.salda.lt/Search?term=Saddle+with+sealing+BAU+500-500
FIT001449,Saddle with sealing BAU 630-315,https://select.salda.lt/Search?term=Saddle+with+sealing+BAU+630-315
FIT001450,Saddle with sealing BAU 630-355,https://select.salda.lt/Search?term=Saddle+with+sealing+BAU+630-355
FIT001451,Saddle with sealing BAU 630-400,https://select.salda.lt/Search?term=Saddle+with+sealing+BAU+630-400
FIT001452,Saddle with sealing BAU 630-450,https://select.salda.lt/Search?term=Saddle+with+sealing+BAU+630-450
FIT001453,Saddle with sealing BAU 630-500,https://select.salda.lt/Search?term=Saddle+with+sealing+BAU+630-500
FIT001454,Saddle with sealing BAU 630-560,https://select.salda.lt/Search?term=Saddle+with+sealing+BAU+630-560
FIT001455,Saddle with sealing BAU 630-630,https://select.salda.lt/Search?term=Saddle+with+sealing+BAU+630-630
FIT000116,Take off with sealing FLAU 150,https://select.salda.lt/Search?term=Take+off+with+sealing+FLAU+150
FIT001479,T-piece with sealing TCPU 150-100,https://select.salda.lt/Search?term=T-piece+with+sealing+TCPU+150-100
FIT000946,Spoil draught 100mm,https://select.salda.lt/Search?term=Spoil+draught+100mm
FIT000927,LJ/E 100-50,https://select.salda.lt/Search?term=LJ/E+100-50
FIT000928,LJ/E 100-70,https://select.salda.lt/Search?term=LJ/E+100-70
FIT000924,LJ/E 160x80,https://select.salda.lt/Search?term=LJ/E+160x80
FIT000929,LJ/E 190-190,https://select.salda.lt/Search?term=LJ/E+190-190
FIT000485,LJ/E 250-130,https://select.salda.lt/Search?term=LJ/E+250-130
ACC002473,"LJ/E 69,5x35,5","https://select.salda.lt/Search?term=LJ/E+69,5x35,5"
ACC008041,LJ/E 70x20,https://select.salda.lt/Search?term=LJ/E+70x20
FIT000761,LJ/E 70-40,https://select.salda.lt/Search?term=LJ/E+70-40
ACC008042,LJ/E 80x28,https://select.salda.lt/Search?term=LJ/E+80x28
FIT000938,LJ/E 800x400,https://select.salda.lt/Search?term=LJ/E+800x400
FIT000764,LJ/E 80-50,https://select.salda.lt/Search?term=LJ/E+80-50
FIT000828,LJ/PG 100-50,https://select.salda.lt/Search?term=LJ/PG+100-50
FIT000829,LJ/PG 30-15,https://select.salda.lt/Search?term=LJ/PG+30-15
FIT000312,LJ/PG 40-20,https://select.salda.lt/Search?term=LJ/PG+40-20
FIT000313,LJ/PG 50-25,https://select.salda.lt/Search?term=LJ/PG+50-25
FIT000314,LJ/PG 50-30,https://select.salda.lt/Search?term=LJ/PG+50-30
FIT000315,LJ/PG 60-30,https://select.salda.lt/Search?term=LJ/PG+60-30
FIT000316,LJ/PG 60-35,https://select.salda.lt/Search?term=LJ/PG+60-35
FIT000317,LJ/PG 70-30,https://select.salda.lt/Search?term=LJ/PG+70-30
FIT000318,LJ/PG 75-30,https://select.salda.lt/Search?term=LJ/PG+75-30
FIT000319,LJ/PG 75-35,https://select.salda.lt/Search?term=LJ/PG+75-35
FIT000320,LJ/PG 80-50,https://select.salda.lt/Search?term=LJ/PG+80-50
FIT000321,LJ/PG-70-40,https://select.salda.lt/Search?term=LJ/PG-70-40
